{
  "project_info": {
    "project_number": "753020717287",
    "firebase_url": "https://grocery-price-comparer-2e8c1-default-rtdb.firebaseio.com",
    "project_id": "grocery-price-comparer-2e8c1",
    "storage_bucket": "grocery-price-comparer-2e8c1.appspot.com"
  },
  "client": [
    {
      "client_info": {
        "mobilesdk_app_id": "1:753020717287:android:8004afbc5c9a783515ba42",
        "android_client_info": {
          "package_name": "com.DefaultCompany.CouponSQLProject"
        }
      },
      "oauth_client": [],
      "api_key": [
        {
          "current_key": "AIzaSyBCS7OdmFzHFyPpz2nw0zFzQnDjjz62Z9Y"
        }
      ],
      "services": {
        "appinvite_service": {
          "other_platform_oauth_client": []
        }
      }
    }
  ],
  "configuration_version": "1"
}